Pseudo,Artisanat,Métiers de récolte,Rôle
Kore,Cuisinier,Fermier,Principal
Izyks,Forgeron,Mineur,Standard
Loft,Cuisinier,Pêcheur,Standard
Legosi,Forgeron,Mineur,Principal
Abysse,Artisan arcanique,Bûcheron,Standard
Davy,Artisan arcanique,Bûcheron,Principal
Aurora,Alchimiste,Fermier,Standard
Valar,Forgeron,Mineur,Standard
Pizzi,Alchimiste,Pêcheur,Standard
Fiona,Alchimiste,Fermier,Standard
Hez,Artisan arcanique,Pêcheur,Standard
Marc,Alchimiste,Fermier,Standard
Alfay,Alchimiste,Fermier,Principal
Scaar,Artisan arcanique,Bûcheron,Standard
