nom,quantite
Améthyste,28
Anguille bleue,11
Anguille sylvestre,13
Anneau de cuivre,116
Arc ancien,4
Arc du Novice,164
Assiette du marin,0
Aubergine,2529
Azurite,1735
Belladone,56
Bleuet azur,23
Blé,10
Bois de bambou,384
Bois de bouleau,42
Bois de braise,7
Bois de chêne,667
Bois de givre,5
Bois de jade,3
Bois de l’Arbre-Monde,2
Bois de pin,413
Bois de santal rouge,54
Bois de sapin argenté,0
Bois des Abysses,8
Bois des tempêtes,5
Bois du Dragon de glace,2
Bois du Dragon écarlate,3
Bois du Néant,4
Bois du Phénix,4
Bois d’Amarante,673
Bois d’Ébène,0
Bois d’Érable rouge,977
Bois enchanté,8
Bois lunaire,19
Bois primordial,3
Bois spectral,28
Bois sylvestre,17
Bois volcanique,8
Bouclier de bois,2
Branche d’Olivier,0
Brochettes du pêcheur,178
Bâton de cristal,12
Bâton d’apprenti,19
Carottes,1935
Carpe,956
Carpe de jade,7
Champignon astral,20
Champignon sylvestre,40
Champignon volcanique,8
Chêne noir,32
Cinabre,15
Combattant écarlate,19
Concombre,979
Cotte de mailles,1
Cristal de braise,4
Cristal de givre,6
Cristal du Néant,5
Cristal éternel,3
Cœur de l’Arbre-Monde,2
Discus azur,65
Espadon de givre,0
Festin Royal,0
Fleur des tempêtes,6
Fleur du Phénix,1
Fluorite violette,1411
Flèches,2485
Fruit de la Lune,7
Fruit de l’Arbre-Monde,8
Fruit du dragon de glace,3
Fruit du dragon écarlate,2
Gambison,36
Ginseng,95
Graine de l’Arbre-Monde,6
Gramma royale,329
Hibiscus écarlate,16
Hématite rouge,355
Infusion d’herbes,1
Jade,82
Kraken,2
Lavande,108
Lingot de fer,10
Lotus du givre éternel,1
Léviathan glacial,5
Léviathan sylvestre,7
Malachite,454
Mandragore spectrale,10
Menthe de givre,6
Minerai de cuivre,1859
Minerai de fer,10
Minerai de magma,2
Minerai des tempêtes,6
Minerai du Dragon de glace,1
Minerai du Dragon écarlate,1
Minerai d’argent,32
Minerai d’or,21
Minerai primordial,4
Minerai sylvestre,22
Myrtille,710
Méduse,0
Obsidienne astrale,10
Orchidée d’améthyste,25
Orchidée émeraude,20
Pain de campagne,0
Perche émeraude,80
Pierre de Lune,3
Piment rouge,320
Poisson combattant,5
Poisson des Abysses volcanique,2
Poisson grillé,144
Poisson-chirurgien bleu,822
Poisson-lion,449
Poisson-mandarin,20
Potion de célérité mineure,1
Potion de prospection,0
Ragoût du Royaume,36
Requin de glace,0
Rose de braise,1
Résine alchimique,19
Saphir,22
Saumon,64
Serpent spectral,1
Soupe du Fermier,2
Soupe du pêcheur,1
Sève de pin,0
Sève d’ébène,2
Talisman de garde,6
Thon rouge,5
Tonique de récupération,19
Tortue de l’Arbre-Monde,3
Tranche-verte,654
Truite,604
Trèfle,85
Velouté des abysses,1
Écu de fer,1
Élixir d’expérience,34
Émeraude enchantée,11
Épicéa bleu,198
Épée d’acier,1
Épée en fer,99
